time,people
19:40:39,1
19:40:39,1
19:40:40,1
19:40:40,1
19:40:40,1
19:40:40,1
19:40:40,1
19:40:40,1
19:40:40,1
19:40:40,1
19:40:41,1
19:40:41,1
19:40:41,1
19:40:41,1
19:40:41,1
19:40:41,1
19:40:41,1
19:40:41,1
19:40:41,1
19:40:43,1
19:40:43,1
19:40:43,1
19:40:44,1
19:40:44,1
19:40:44,1
19:40:45,1
19:40:45,1
19:40:45,1
19:40:45,1
19:40:46,1
19:40:46,1
19:40:46,1
19:40:46,1
19:40:46,1
19:40:47,1
19:40:47,1
19:40:47,1
19:40:47,1
19:40:47,1
19:40:47,1
19:40:48,1
19:40:48,1
19:40:48,0
19:40:48,0
19:40:48,1
19:40:48,1
19:40:49,1
19:40:49,1
19:40:49,1
19:40:49,1
19:40:49,1
19:40:49,1
19:40:50,1
19:40:50,1
19:40:50,1
19:40:50,1
19:40:50,0
19:40:50,0
19:40:50,1
19:40:51,1
19:40:51,1
19:40:51,1
19:40:51,1
19:40:51,1
19:40:51,1
19:40:52,1
19:40:52,1
19:40:52,1
19:40:52,1
19:40:52,1
19:40:52,1
19:40:53,1
19:40:53,1
19:40:53,1
19:40:53,1
19:40:53,1
19:40:53,1
19:40:53,1
19:40:54,1
19:40:54,1
19:40:54,1
19:40:54,1
19:40:55,1
19:40:55,1
19:40:55,1
19:40:55,1
19:40:55,1
19:40:55,1
19:40:55,1
19:40:56,1
19:40:56,1
19:40:56,1
19:40:56,1
19:40:56,1
19:40:56,1
19:40:56,1
19:40:56,1
19:40:57,1
19:40:57,1
19:40:57,1
19:40:57,1
19:40:57,1
19:40:57,1
19:40:57,1
19:40:57,1
19:40:57,1
19:40:58,1
19:40:58,1
19:40:58,1
19:40:58,1
19:40:58,1
19:40:58,1
19:40:58,1
19:40:58,1
19:40:58,1
19:40:59,1
19:40:59,1
19:40:59,1
19:40:59,1
19:40:59,1
19:40:59,1
19:40:59,1
19:40:59,1
19:40:59,1
19:40:59,1
19:41:00,1
19:41:00,1
19:41:00,1
19:41:00,1
19:41:00,1
19:41:00,1
19:41:00,1
19:41:00,1
19:41:00,1
19:41:01,1
19:41:01,1
19:41:01,1
19:41:01,1
19:41:01,1
19:41:01,1
19:41:01,1
19:41:01,1
19:41:01,1
19:41:02,1
19:41:02,1
19:41:02,1
19:41:02,1
19:41:02,1
19:41:02,1
19:41:02,1
19:41:02,1
19:41:02,1
19:41:02,1
19:41:03,1
19:41:03,1
19:41:03,1
19:41:03,1
19:41:03,1
19:41:03,1
19:41:03,1
19:41:03,1
19:41:03,1
19:41:03,1
19:41:04,1
19:41:04,1
19:41:04,1
19:41:04,1
19:41:04,1
19:41:04,1
19:41:04,1
19:41:04,1
19:41:04,1
19:41:04,1
19:41:05,1
19:41:05,1
19:41:05,1
19:41:05,1
19:41:05,1
19:41:05,1
19:41:05,1
19:41:05,1
19:41:05,1
19:41:06,1
19:41:06,1
19:41:06,1
19:41:06,1
19:41:06,1
19:41:06,1
19:41:06,1
19:41:06,1
19:41:06,1
19:41:06,1
19:41:07,1
19:41:07,1
19:41:07,1
19:41:07,1
19:41:07,1
19:41:07,1
19:41:07,1
19:41:07,1
19:41:07,1
19:41:07,1
19:41:08,1
19:41:08,1
19:41:08,1
19:41:08,1
19:41:08,1
19:41:08,1
19:41:08,1
19:41:08,1
19:41:09,1
19:41:09,1
19:41:09,1
19:41:09,1
19:41:09,1
19:41:09,1
19:41:09,1
19:41:09,1
19:41:09,1
19:41:10,1
19:41:10,1
19:41:10,1
19:41:10,1
19:41:10,1
19:41:10,1
19:41:10,1
19:41:10,1
19:41:10,1
19:41:10,1
19:41:11,1
19:41:11,1
19:41:11,1
19:41:11,1
19:41:11,1
19:41:11,1
19:41:11,1
19:41:11,1
19:41:11,1
19:41:11,1
19:41:12,1
19:41:12,1
19:41:12,1
19:41:12,1
19:41:12,1
19:41:12,1
19:41:12,1
19:41:12,1
19:41:12,2
19:41:12,2
19:41:13,0
19:41:13,0
19:41:13,1
19:41:13,0
19:41:13,0
19:41:13,1
19:41:13,1
19:41:13,1
19:41:13,1
19:41:13,2
19:41:14,2
19:41:14,2
19:41:14,2
19:41:14,2
19:41:14,1
19:41:14,1
19:41:14,1
19:41:14,1
19:41:14,1
19:41:14,1
19:41:15,1
19:41:15,1
19:41:15,2
19:41:15,2
19:41:15,2
19:41:15,2
19:41:15,2
19:41:15,2
19:41:15,2
19:41:15,1
19:41:16,1
19:41:16,1
19:41:16,1
19:41:16,0
19:41:16,1
19:41:16,1
19:41:16,0
19:41:16,1
19:41:16,1
19:41:16,1
19:41:17,1
19:41:17,1
19:41:17,1
19:41:17,1
19:41:17,1
19:41:17,1
19:41:17,1
19:41:17,1
19:41:17,1
19:41:17,1
19:41:18,1
19:41:18,1
19:41:18,1
19:41:18,1
19:41:18,1
19:41:18,1
19:41:18,1
19:41:18,1
19:41:18,1
19:41:18,1
19:41:19,1
19:41:19,2
19:41:19,1
19:41:19,1
19:41:19,1
19:41:19,1
19:41:19,1
19:41:19,1
19:41:19,1
19:41:19,1
19:41:20,1
19:41:20,1
19:41:20,1
19:41:20,1
19:41:20,1
19:41:20,1
19:41:20,1
19:41:20,1
19:41:20,1
19:41:20,1
19:41:21,1
19:41:21,1
19:41:21,1
19:41:21,1
19:41:21,1
19:41:21,1
19:41:21,1
19:41:21,1
19:41:21,1
19:41:21,1
19:41:22,1
19:41:22,1
19:41:22,1
19:41:22,1
19:41:22,1
19:41:22,1
19:41:22,1
19:41:22,1
19:41:22,1
19:41:22,1
19:41:23,1
19:41:23,1
19:41:23,1
19:41:23,1
19:41:23,1
19:41:23,1
19:41:23,1
19:41:23,1
19:41:23,1
19:41:23,1
19:41:24,1
19:41:24,1
19:41:24,1
19:41:24,1
19:41:24,1
19:41:24,1
19:41:24,1
19:41:24,1
19:41:24,1
19:41:24,1
19:41:25,1
19:41:25,1
19:41:25,1
19:41:25,1
19:41:25,1
19:41:25,1
19:41:25,1
19:41:25,1
19:41:25,1
19:41:25,1
19:41:26,1
19:41:26,1
19:41:26,1
19:41:26,1
19:41:26,1
19:41:26,1
19:41:26,1
19:41:27,1
19:41:27,1
19:41:27,1
19:41:28,1
19:41:28,1
19:41:28,1
19:41:28,1
19:41:28,1
19:41:28,1
19:41:28,1
19:41:28,1
19:41:28,1
19:41:28,1
19:41:29,1
19:41:29,1
19:41:29,1
19:41:29,1
19:41:29,1
19:41:29,1
19:41:29,1
19:41:29,1
19:41:29,1
19:41:29,1
19:41:29,1
19:41:30,1
19:41:30,1
19:41:30,1
19:41:30,1
19:41:30,1
19:41:31,1
19:41:32,1
19:41:32,1
19:41:32,1
19:41:33,1
19:41:33,1
19:41:33,1
19:41:34,1
19:41:34,1
19:41:35,1
19:41:35,1
19:41:35,1
19:41:35,1
19:41:35,1
19:41:35,1
19:41:35,1
19:41:35,1
19:41:35,1
19:41:36,1
19:41:36,1
19:41:36,1
19:41:36,1
19:41:36,1
19:41:36,1
19:41:36,1
19:41:36,1
19:41:37,1
19:41:37,1
19:41:37,1
19:41:37,1
19:41:37,1
19:41:37,1
19:41:37,1
19:41:38,1
19:41:38,1
19:41:38,1
19:41:38,1
19:41:38,1
19:41:38,1
19:41:38,1
19:41:39,1
19:41:39,1
19:41:39,1
19:41:39,1
19:41:39,1
19:41:39,1
19:41:39,1
19:41:39,1
19:41:40,1
19:41:40,1
19:41:40,1
19:41:40,1
19:41:40,1
19:41:40,1
19:41:40,1
19:41:41,1
19:41:41,1
19:41:41,1
19:41:41,1
19:41:42,1
19:41:42,1
19:41:42,1
19:41:42,1
19:41:42,1
19:41:43,1
19:41:43,1
19:41:43,1
19:41:43,1
19:41:44,1
19:41:44,1
19:41:44,1
19:41:44,1
19:41:45,1
19:41:45,1
19:41:45,1
19:41:45,1
19:41:45,1
19:41:46,1
19:41:46,1
19:41:46,1
19:41:47,1
19:41:47,1
19:41:47,1
19:41:47,1
19:41:48,1
19:41:48,1
19:41:48,1
19:41:48,1
19:41:48,1
19:41:48,1
19:41:49,1
19:41:49,1
19:41:49,1
19:41:49,1
19:41:50,1
19:41:50,1
19:41:50,1
19:41:50,1
19:41:50,1
19:41:50,1
19:41:51,1
19:41:51,1
19:41:51,1
19:41:51,1
19:41:51,1
19:41:51,1
19:41:52,1
19:41:52,1
19:41:52,1
19:41:52,1
19:41:52,1
19:41:52,1
19:41:52,1
19:41:52,1
19:41:53,1
19:41:53,1
19:41:53,1
19:41:53,1
19:41:53,1
19:41:53,1
19:41:53,1
19:41:53,1
19:41:53,1
19:41:54,1
19:41:54,1
19:41:54,1
19:41:54,1
19:41:54,1
19:41:54,1
19:41:54,1
19:41:54,1
19:41:54,1
19:41:55,1
19:41:55,1
19:41:55,1
19:41:55,1
19:41:55,1
19:41:55,1
19:41:55,1
19:41:55,1
19:41:55,1
19:41:56,1
19:41:56,1
19:41:56,1
19:41:56,1
19:41:56,1
19:41:56,1
19:41:56,1
19:41:56,1
19:41:57,1
19:41:57,1
19:41:57,1
19:41:57,1
19:41:57,1
19:41:57,1
19:41:57,1
19:41:57,1
19:41:58,1
19:41:58,1
19:41:58,1
19:41:58,1
19:41:58,1
19:41:58,1
19:41:58,1
19:41:59,1
19:41:59,1
19:41:59,1
19:41:59,1
19:41:59,1
19:41:59,1
19:41:59,1
19:42:00,1
19:42:00,1
19:42:00,1
19:42:00,1
19:42:00,1
19:42:00,1
19:42:01,1
19:42:01,1
19:42:01,1
19:42:01,1
19:42:01,1
19:42:02,1
19:42:02,1
19:42:02,1
19:42:02,1
19:42:02,1
19:42:02,1
19:42:02,1
19:42:02,1
19:42:02,1
19:42:03,1
19:42:03,1
19:42:03,1
19:42:03,1
19:42:03,1
19:42:03,1
19:42:03,1
19:42:03,1
19:42:04,1
19:42:04,1
19:42:04,1
19:42:04,1
19:54:00,0
19:54:00,0
19:54:00,4
19:54:00,4
19:54:01,4
19:54:01,4
19:54:01,4
19:54:02,4
19:54:02,5
19:54:02,5
19:54:02,5
19:54:03,5
19:54:03,5
19:54:03,5
19:54:03,5
19:54:04,5
19:54:04,5
19:54:04,5
19:54:04,5
19:54:05,5
19:54:05,5
19:54:05,5
19:54:05,5
19:54:06,5
19:54:06,5
19:54:06,5
19:54:06,6
19:54:07,6
19:54:07,6
19:54:07,7
19:54:07,7
19:54:08,7
19:54:08,7
19:54:08,7
19:54:09,7
19:54:09,7
19:54:09,7
19:54:09,7
19:54:09,7
19:54:10,7
19:54:10,7
19:54:10,7
19:54:10,7
19:54:11,7
19:54:11,7
19:54:11,7
19:54:11,7
19:54:11,7
19:54:12,7
19:54:12,7
19:54:12,7
19:54:12,7
19:54:12,7
19:54:13,7
19:54:13,7
19:54:13,7
19:54:13,7
19:54:13,7
19:54:14,7
19:54:14,7
19:54:14,7
19:54:14,7
19:54:15,7
19:54:15,7
19:54:15,7
19:54:15,7
19:54:16,7
19:54:16,6
19:54:16,6
19:54:16,6
19:54:17,6
19:54:17,5
19:54:17,5
19:54:17,5
19:54:17,5
19:54:18,5
19:54:18,5
19:54:18,5
19:54:19,5
19:54:19,5
19:54:19,5
19:54:19,5
19:54:20,5
19:54:20,5
19:54:20,5
19:54:20,5
19:54:20,5
19:54:21,5
19:54:21,5
19:54:21,5
19:54:21,5
19:54:22,5
19:54:22,5
19:54:22,5
19:54:22,5
19:54:22,5
19:54:23,5
19:54:23,5
19:54:23,5
19:54:23,5
19:54:24,5
19:54:24,5
19:54:24,5
19:54:24,5
19:54:25,5
19:54:25,5
19:54:25,5
19:54:25,5
19:54:26,5
19:54:26,5
19:54:26,5
19:54:26,5
19:54:27,5
19:54:27,5
19:54:27,5
19:54:27,5
19:54:28,5
19:54:28,5
19:54:28,4
19:54:28,4
19:54:29,4
19:54:29,4
19:54:29,4
19:54:29,4
19:54:30,4
19:54:30,4
19:54:30,4
19:54:30,4
19:54:31,4
19:54:31,5
19:54:31,5
19:54:31,5
19:54:31,5
19:54:32,5
19:54:32,5
19:54:32,5
19:54:32,5
19:54:33,5
19:54:33,5
19:54:33,5
19:54:33,5
19:54:34,5
19:54:34,5
19:54:34,5
19:54:34,5
19:54:35,5
19:54:35,5
19:54:35,5
19:54:35,5
19:54:36,5
19:54:36,4
19:54:36,4
19:54:36,4
19:54:37,4
19:54:37,4
19:54:37,4
19:54:37,4
19:54:37,4
19:54:38,4
19:54:38,4
19:54:38,4
19:54:38,4
19:54:39,4
19:54:39,4
19:54:39,4
19:54:40,4
19:54:40,4
19:54:40,4
19:54:40,4
19:54:41,4
19:54:41,4
19:54:41,4
19:54:41,4
19:54:42,4
19:54:42,4
19:54:42,4
19:54:42,4
19:54:43,4
19:54:43,4
19:54:43,5
19:54:44,5
19:54:44,7
19:54:44,7
19:54:45,7
19:54:45,7
19:54:45,7
19:54:45,7
19:54:46,7
19:54:46,6
19:54:46,6
19:54:47,6
19:54:47,6
19:54:47,6
19:54:47,6
19:54:48,6
19:54:48,5
19:54:48,5
19:54:49,5
19:54:50,5
19:54:51,5
19:54:52,5
19:54:53,6
19:54:54,6
19:54:55,6
19:54:55,6
19:54:56,6
19:54:57,6
19:54:58,6
19:54:59,6
19:55:21,5
19:55:42,4
19:55:43,4
19:55:44,4
19:55:44,4
19:55:45,4
19:55:47,4
19:55:47,4
19:55:48,4
19:55:49,4
19:55:50,4
19:55:51,5
19:55:52,5
19:55:53,5
19:55:53,5
19:55:54,5
19:55:55,5
19:55:55,5
19:55:56,5
19:55:57,5
19:55:58,5
19:55:58,5
19:55:59,4
19:56:00,4
19:56:01,3
19:56:02,3
19:56:02,3
19:56:03,3
19:56:04,3
19:56:05,4
19:56:05,4
19:56:06,4
19:56:07,4
19:56:08,4
19:56:08,4
19:56:09,4
19:56:10,4
19:56:11,4
19:56:11,4
19:56:12,4
19:56:13,5
19:56:14,5
19:56:15,5
19:56:15,5
19:56:16,5
19:56:17,5
19:56:18,5
19:56:18,5
19:56:19,5
19:56:20,5
19:56:21,5
19:56:22,5
19:56:23,5
19:56:24,5
19:56:25,5
19:56:26,5
19:56:26,5
19:56:28,5
19:56:28,5
19:56:29,5
19:56:30,5
19:56:31,5
19:56:33,6
19:56:33,6
19:56:34,6
19:56:35,6
19:56:36,5
19:56:37,5
19:56:38,5
19:56:39,5
19:56:40,6
19:56:41,6
19:56:42,6
19:56:43,6
19:56:45,6
19:56:46,6
19:56:47,6
19:56:48,6
19:56:49,6
19:56:51,6
19:56:53,6
19:56:54,5
19:56:56,5
19:56:57,5
19:56:58,5
19:56:59,5
19:56:59,5
19:57:00,5
19:57:01,5
19:57:02,5
19:57:03,5
19:57:04,5
19:57:05,5
19:57:06,5
19:57:07,5
19:57:08,5
19:57:08,5
19:57:09,5
19:57:10,6
19:57:11,6
19:57:12,6
19:57:13,6
19:57:14,6
19:57:15,6
19:57:16,6
19:57:17,6
19:57:18,7
19:57:18,7
19:57:19,7
19:57:20,7
19:57:21,7
19:57:22,7
19:57:24,7
19:57:24,7
19:57:25,7
19:57:26,7
19:57:27,7
19:57:28,7
19:57:29,7
19:57:30,7
19:57:32,7
19:57:33,7
19:57:34,6
19:57:35,6
19:57:36,6
19:57:37,6
19:57:38,6
19:57:39,6
19:57:40,6
19:57:42,6
19:57:43,6
19:57:44,6
19:57:45,6
19:57:46,6
19:57:46,6
19:57:47,6
19:57:48,5
19:57:49,5
19:57:50,5
19:57:51,5
19:57:52,5
19:57:53,5
19:57:54,5
19:57:55,5
19:57:56,5
19:57:57,5
19:57:58,5
19:57:59,5
19:58:00,5
19:58:01,5
19:58:02,5
19:58:02,5
19:58:03,5
19:58:04,5
19:58:05,5
19:58:06,5
19:58:08,5
19:58:09,5
19:58:10,5
19:58:10,5
19:58:11,5
19:58:12,5
19:58:13,5
19:58:14,5
19:58:15,5
19:58:17,5
19:58:18,5
19:58:19,5
19:58:20,5
19:58:21,5
19:58:22,5
19:58:23,5
19:58:24,5
19:58:25,5
19:58:26,5
19:58:27,5
19:58:28,5
19:58:29,5
19:58:30,5
19:58:31,5
19:58:32,5
19:58:33,5
19:58:34,5
19:58:35,5
19:58:35,5
19:58:36,5
19:58:37,5
19:58:38,5
19:58:39,5
19:58:40,5
19:58:41,5
19:58:42,5
19:58:43,5
19:58:44,4
19:58:45,4
19:58:46,4
19:58:48,4
19:58:49,5
19:58:50,5
19:58:51,5
19:58:52,5
19:58:53,5
19:58:54,5
19:58:55,5
19:58:56,5
19:58:57,5
19:58:59,5
19:59:00,5
19:59:01,5
19:59:02,5
19:59:03,5
19:59:05,5
19:59:06,5
19:59:07,5
19:59:08,5
19:59:10,5
19:59:10,5
19:59:12,5
19:59:13,5
19:59:14,5
19:59:15,5
19:59:16,5
19:59:17,5
19:59:18,5
19:59:19,5
19:59:20,5
19:59:21,5
19:59:22,6
19:59:23,6
19:59:24,6
19:59:25,6
19:59:26,5
19:59:26,6
19:59:27,6
19:59:28,6
19:59:29,6
19:59:31,6
19:59:32,6
19:59:33,6
19:59:34,6
19:59:35,6
19:59:36,6
19:59:38,6
19:59:39,6
19:59:40,6
19:59:40,6
19:59:41,6
19:59:42,6
19:59:42,6
19:59:43,6
19:59:43,6
19:59:44,6
19:59:44,6
19:59:44,6
19:59:45,6
19:59:45,6
20:03:12,0
20:03:13,0
20:03:14,4
20:03:15,4
20:03:16,4
20:03:17,4
20:03:18,4
20:03:19,4
20:03:20,5
20:03:21,5
20:03:22,5
20:03:23,5
20:03:24,5
20:03:25,5
20:03:26,5
20:03:27,5
20:03:28,5
20:03:29,5
20:03:30,5
20:03:31,5
20:03:32,5
20:03:33,5
20:03:34,5
20:03:35,5
20:03:36,5
20:03:37,5
20:03:38,6
20:03:39,6
20:03:40,6
20:03:42,7
20:03:43,7
20:03:44,7
20:03:45,7
20:03:46,7
20:03:47,7
20:03:48,7
20:03:49,7
20:03:50,7
20:03:51,7
20:03:52,7
20:03:53,7
20:03:54,7
20:03:54,7
20:03:55,7
20:03:56,7
20:03:57,7
20:03:58,7
20:03:59,7
20:04:00,7
20:04:01,7
20:04:02,7
20:04:03,7
20:04:04,7
20:04:05,7
20:04:05,7
20:04:06,7
20:04:07,7
20:04:08,7
20:04:09,7
20:04:10,7
20:04:11,7
20:04:12,7
20:04:13,7
20:04:14,7
20:04:15,7
20:04:16,7
20:04:17,7
20:04:18,6
20:04:19,6
20:04:20,6
20:04:21,6
20:04:22,5
20:04:23,5
20:04:24,5
20:04:25,5
20:04:26,5
20:04:27,5
20:04:28,5
20:04:28,5
20:04:30,5
20:04:30,5
20:04:31,5
20:04:33,5
20:04:33,5
20:04:35,5
20:04:36,5
20:04:37,5
20:04:38,5
20:04:39,5
20:04:39,5
20:04:40,5
20:04:41,5
20:04:42,5
20:04:43,5
20:04:44,5
20:04:45,5
20:04:46,5
20:04:47,5
20:04:49,5
20:04:50,5
20:04:51,5
20:04:52,5
20:04:53,5
20:04:54,5
20:04:55,5
20:04:56,5
20:04:57,5
20:04:58,5
20:04:59,5
20:05:01,5
20:05:02,5
20:05:03,5
20:05:04,5
20:05:05,5
20:05:06,5
20:05:07,5
20:05:08,5
20:05:09,5
20:05:10,4
20:05:11,4
20:05:12,4
20:05:13,4
20:05:14,4
20:05:15,4
20:05:16,4
20:05:17,4
20:05:18,4
20:05:19,4
20:05:20,4
20:05:21,5
20:05:22,5
20:05:23,5
20:05:24,5
20:05:25,5
20:05:26,5
20:05:27,5
20:05:28,5
20:05:29,5
20:05:30,5
20:05:31,5
20:05:32,5
20:05:33,5
20:05:34,5
20:05:35,5
20:05:36,5
20:05:37,5
20:05:39,5
20:05:40,5
20:05:41,5
20:05:42,5
20:05:43,4
20:05:44,4
20:05:45,4
20:05:46,4
20:05:47,4
20:05:48,4
20:05:49,4
20:05:50,4
20:05:51,4
20:05:52,4
20:05:53,4
20:05:54,4
20:05:55,4
20:05:56,4
20:05:57,4
20:05:58,4
20:05:59,4
20:06:00,4
20:06:01,4
20:06:02,4
20:06:03,4
20:06:05,4
20:06:06,4
20:06:06,4
20:06:07,4
20:06:08,4
20:06:09,4
20:06:10,4
20:06:11,4
20:06:12,5
20:06:13,5
20:06:15,7
20:06:16,7
20:06:17,7
20:06:18,7
20:06:19,7
20:06:20,7
20:06:21,7
20:06:22,6
20:06:23,6
20:06:24,6
20:06:25,6
20:06:26,6
20:06:28,6
20:06:29,6
20:06:30,5
20:06:31,5
20:06:32,5
20:06:33,5
20:06:34,5
20:06:35,5
20:06:36,6
20:06:37,6
20:06:38,6
20:06:39,6
20:06:41,6
20:06:42,6
20:06:43,6
20:06:44,6
20:06:45,6
20:06:46,6
20:06:48,6
20:06:49,6
20:06:50,6
20:06:51,6
20:06:52,5
20:06:53,5
20:06:54,5
20:06:56,5
20:06:57,5
20:06:58,5
20:06:59,5
20:07:00,5
20:07:01,5
20:07:02,5
20:07:04,5
20:07:05,5
20:07:06,5
20:07:07,5
20:07:08,5
20:07:09,5
20:07:10,5
20:07:11,5
20:07:12,5
20:07:13,5
20:07:14,5
20:07:15,5
20:07:16,5
20:07:17,5
20:07:18,5
20:07:19,4
20:07:20,4
20:07:21,4
20:07:22,4
20:07:23,4
20:07:23,4
20:07:24,4
20:07:25,4
20:07:26,4
20:07:27,4
20:07:28,4
20:07:28,4
20:07:29,4
20:07:30,4
20:07:31,4
20:07:32,4
20:07:33,5
20:07:34,5
20:07:35,5
20:07:36,5
20:07:37,5
20:07:38,5
20:07:39,5
20:07:40,5
20:07:40,5
20:07:41,5
20:07:42,5
20:07:43,4
20:07:44,4
20:07:45,3
20:07:46,3
20:07:47,3
20:07:48,3
20:07:49,3
20:07:50,4
20:07:51,4
20:07:52,4
20:07:53,4
20:07:54,4
20:07:58,4
20:07:59,4
20:08:00,4
20:08:01,4
20:08:01,5
20:08:02,5
20:08:03,5
20:08:04,5
20:08:05,5
20:08:06,5
20:08:09,5
20:08:10,5
20:08:11,5
20:08:12,5
20:08:15,5
20:08:16,5
20:08:17,5
20:08:19,5
20:08:20,5
20:08:21,5
20:08:22,5
20:08:24,5
20:08:25,5
20:08:29,5
20:08:32,5
20:08:33,5
20:08:34,6
20:08:35,6
20:08:37,6
20:08:38,6
20:08:39,5
20:08:40,5
20:08:41,5
20:08:43,5
20:08:44,6
20:08:45,6
20:08:46,6
20:08:47,6
20:08:48,6
20:08:50,6
20:08:51,6
20:08:52,6
20:08:53,6
20:08:54,6
20:08:55,6
20:08:57,5
20:08:58,5
20:08:59,5
20:09:00,5
20:09:01,5
20:09:02,5
20:09:03,5
20:09:06,5
20:09:07,5
20:09:08,5
20:09:10,5
20:09:11,5
20:09:13,5
20:09:15,5
20:09:16,5
20:09:18,5
20:09:19,5
20:09:20,6
20:09:21,6
20:09:22,6
20:09:23,6
20:09:24,6
20:09:25,6
20:09:26,6
20:09:27,6
20:09:28,7
20:09:29,7
20:09:31,7
20:09:32,7
20:09:33,7
20:09:34,7
20:09:35,7
20:09:36,7
20:09:37,7
20:09:38,7
20:09:39,7
20:09:41,7
20:09:42,7
20:09:43,7
20:09:44,7
20:09:45,7
20:09:46,6
20:09:47,6
20:09:49,6
20:09:50,6
20:09:51,6
20:09:52,6
20:09:53,6
20:09:54,6
20:09:55,6
20:09:56,6
20:09:57,6
20:09:58,6
20:09:59,6
20:10:00,6
20:10:02,5
20:10:03,5
20:10:04,5
20:10:05,5
20:10:06,5
20:10:07,5
20:10:08,5
20:10:09,5
20:10:10,5
20:10:11,5
20:10:13,5
20:10:14,5
20:10:15,5
20:10:16,5
20:10:17,5
20:10:18,5
20:10:20,5
20:10:21,5
20:10:21,5
20:10:21,5
20:10:22,5
20:10:22,5
20:10:22,5
20:10:22,5
20:10:23,5
20:10:23,5
20:10:23,5
20:10:23,5
20:10:24,5
20:10:24,5
20:10:24,5
20:10:25,5
20:10:25,5
20:10:25,5
20:10:25,5
20:10:26,5
20:10:26,5
20:10:26,5
20:10:26,5
20:10:27,5
20:10:27,5
20:10:27,5
20:10:28,5
20:10:28,5
20:10:28,5
20:10:28,5
20:10:29,5
20:10:29,5
20:10:29,5
20:10:30,5
20:10:30,5
16:40:26,0
16:40:26,0
16:40:26,4
16:40:27,4
16:40:27,4
16:40:27,4
16:40:27,4
16:40:28,4
16:40:28,5
16:40:28,5
16:40:29,5
16:40:29,5
16:40:29,5
16:40:30,5
16:40:30,5
16:40:30,5
16:40:31,5
16:40:31,5
16:40:31,5
16:40:32,5
16:40:32,5
16:40:32,5
16:40:32,5
16:40:33,5
16:40:33,5
16:40:34,5
16:40:34,6
16:40:34,6
16:40:34,6
16:40:35,7
16:40:35,7
16:40:35,7
16:40:36,7
16:40:36,7
16:40:36,7
16:40:36,7
16:40:36,7
16:40:36,7
16:40:37,7
16:40:37,7
16:40:37,7
16:40:37,7
16:40:37,7
16:40:37,7
16:40:38,7
16:40:38,7
16:40:38,7
16:40:38,7
16:40:38,7
16:40:38,7
16:40:38,7
16:40:39,7
16:40:39,7
16:40:39,7
16:40:39,7
16:40:40,7
16:40:40,7
16:40:40,7
16:40:40,7
16:40:40,7
16:40:40,7
16:40:40,7
16:40:41,7
16:40:41,7
16:40:41,7
16:40:41,7
16:40:41,7
16:40:41,6
16:40:41,6
16:40:42,6
16:40:42,6
16:40:42,5
16:40:42,5
16:40:42,5
16:40:42,5
16:40:43,5
16:40:43,5
16:40:43,5
16:40:43,5
16:40:43,5
16:40:43,5
16:40:44,5
16:40:44,5
16:40:44,5
16:40:44,5
16:40:45,5
16:40:45,5
16:40:45,5
16:40:45,5
16:40:45,5
16:40:45,5
16:40:46,5
16:40:46,5
16:40:46,5
16:40:46,5
16:40:46,5
16:40:46,5
16:40:47,5
16:40:47,5
16:40:47,5
16:40:47,5
16:40:47,5
16:40:47,5
16:40:48,5
16:40:48,5
16:40:48,5
16:40:48,5
16:40:48,5
16:40:49,5
16:40:49,5
16:40:49,5
16:40:49,5
16:40:49,5
16:40:50,5
16:40:50,5
16:40:50,5
16:40:51,5
16:40:51,5
16:40:51,4
16:40:52,4
16:40:52,4
16:40:52,4
16:40:53,4
16:40:53,4
16:40:53,4
16:40:53,4
16:40:54,4
16:40:54,4
16:40:54,4
16:40:54,5
16:40:55,5
16:40:55,5
16:40:55,5
16:40:55,5
16:40:56,5
16:40:56,5
16:40:56,5
16:40:56,5
16:40:57,5
16:40:57,5
16:40:57,5
16:40:57,5
16:40:58,5
16:40:58,5
16:40:58,5
16:40:59,5
16:40:59,5
16:40:59,5
16:41:00,5
16:41:00,5
16:41:00,4
16:41:00,4
16:41:01,4
16:41:01,4
16:41:01,4
16:41:01,4
16:41:02,4
16:41:02,4
16:41:02,4
16:41:02,4
16:41:03,4
16:41:03,4
16:41:03,4
16:41:04,4
16:41:04,4
16:41:04,4
16:41:04,4
16:41:05,4
16:41:05,4
16:41:05,4
16:41:05,4
16:41:06,4
16:41:06,4
16:41:06,4
16:41:06,4
16:41:07,4
16:41:07,4
16:41:07,4
16:41:07,4
16:41:08,5
16:41:08,5
16:41:08,7
16:41:09,7
16:41:09,7
16:41:09,7
16:41:10,7
16:41:10,7
16:41:10,7
16:41:10,6
16:41:11,6
16:41:11,6
16:41:11,6
16:41:12,6
16:41:12,6
16:41:12,6
16:41:13,5
16:41:13,5
16:41:13,5
16:41:13,5
16:41:14,5
16:41:14,5
16:41:14,6
16:41:14,6
16:41:15,6
16:41:15,6
16:41:15,6
16:41:16,6
16:41:16,6
16:41:16,6
16:41:17,6
16:41:17,6
16:41:17,6
16:41:17,6
16:41:18,6
16:41:18,6
16:41:18,5
16:41:19,5
16:41:19,5
16:41:19,5
16:41:20,5
16:41:20,5
16:41:20,5
16:41:21,5
16:41:21,5
16:41:21,5
16:41:22,5
16:41:22,5
16:41:22,5
16:41:22,5
16:41:23,5
16:41:23,5
16:41:23,5
16:41:23,5
16:41:24,5
16:41:24,5
16:41:24,5
16:41:25,5
16:41:25,5
16:41:25,5
16:41:26,5
16:41:26,4
16:41:26,4
16:41:26,4
16:41:27,4
16:41:27,4
16:41:27,4
16:41:27,4
16:41:27,4
16:41:28,4
16:41:28,4
16:41:28,4
16:41:28,4
16:41:29,4
16:41:29,4
16:41:29,4
16:41:29,4
16:41:30,5
16:41:30,5
16:41:30,5
16:41:30,5
16:41:31,5
16:41:31,5
16:41:31,5
16:41:31,5
16:41:32,5
16:41:32,5
16:41:32,5
16:41:32,4
16:41:33,4
16:41:33,3
16:41:33,3
16:41:33,3
16:41:34,3
16:41:34,3
16:41:34,4
16:41:34,4
16:41:34,4
16:41:35,4
16:41:35,4
16:41:35,4
16:41:35,4
16:41:36,4
16:41:36,4
16:41:36,4
16:41:37,4
16:41:37,5
16:41:37,5
16:41:37,5
16:41:38,5
16:41:38,5
16:41:38,5
16:41:38,5
16:41:39,5
16:41:39,5
16:41:39,5
16:41:39,5
16:41:40,5
16:41:40,5
16:41:40,5
16:41:40,5
16:41:41,5
16:41:41,5
16:41:41,5
16:41:41,5
16:41:42,5
16:41:42,5
16:41:42,5
16:41:43,6
16:41:43,6
16:41:43,6
16:41:43,6
16:41:44,5
16:41:44,5
16:41:44,5
16:41:45,5
16:41:45,6
16:41:45,6
16:41:46,6
16:41:46,6
16:41:46,6
16:41:47,6
16:41:47,6
16:41:47,6
16:41:48,6
16:41:48,6
16:41:48,6
16:41:48,5
16:41:49,5
16:41:49,5
16:41:49,5
16:41:50,5
16:41:50,5
16:41:50,5
16:41:50,5
16:41:51,5
16:41:51,5
16:41:51,5
16:41:52,5
16:41:52,5
16:41:52,5
16:41:53,5
16:41:53,5
16:41:53,5
16:41:53,6
16:41:54,6
16:41:54,6
16:41:54,6
16:41:55,6
16:41:55,6
16:41:55,6
16:41:55,6
16:41:56,7
16:41:56,7
16:41:56,7
16:41:57,7
16:41:57,7
16:41:57,7
16:41:57,7
16:41:58,7
16:41:58,7
16:41:58,7
16:41:59,7
16:41:59,7
16:41:59,7
16:42:00,7
16:42:00,7
16:42:00,7
16:42:01,6
16:42:01,6
16:42:01,6
16:42:02,6
16:42:02,6
16:42:02,6
16:42:02,6
16:42:03,6
16:42:03,6
16:42:03,6
16:42:04,6
16:42:04,6
16:42:04,6
16:42:05,6
16:42:05,5
16:42:05,5
16:42:05,5
16:42:06,5
16:42:06,5
16:42:06,5
16:42:07,5
16:42:07,5
16:42:07,5
16:42:08,5
16:42:08,5
16:42:08,5
16:42:08,5
16:42:09,5
16:42:09,5
16:42:09,5
16:42:10,5
16:42:10,5
16:42:10,5
16:42:11,5
16:42:11,5
16:42:11,5
16:42:11,5
16:42:12,5
16:42:12,5
16:42:12,5
16:42:13,5
16:42:13,5
16:42:13,5
16:42:13,5
16:42:14,5
16:42:14,5
16:42:14,5
16:42:15,5
16:42:15,5
16:42:15,5
16:42:16,5
16:42:16,5
16:42:16,5
16:42:17,5
16:42:17,5
16:42:17,5
16:42:17,5
16:42:18,5
16:42:18,5
16:42:18,5
16:42:18,5
16:42:19,5
16:42:19,5
16:42:19,5
16:42:20,5
16:42:20,5
16:42:20,5
16:42:20,5
16:42:21,5
16:42:21,5
16:42:21,5
16:42:22,4
16:42:22,4
16:42:22,4
16:42:23,4
16:42:23,5
16:42:24,5
16:42:24,5
16:42:24,5
16:42:25,5
16:42:25,5
16:42:25,5
16:42:26,5
16:42:26,5
16:42:26,5
16:42:27,5
16:42:27,5
16:42:27,5
16:42:28,5
16:42:28,5
16:42:28,5
16:42:29,5
16:42:29,5
16:42:29,5
16:42:30,5
16:42:30,5
16:42:30,5
16:42:31,5
16:42:31,5
16:42:31,5
16:42:31,5
16:42:32,5
16:42:32,5
16:42:32,5
16:42:33,5
16:42:33,6
16:42:33,6
16:42:34,6
16:42:34,6
16:42:34,5
16:42:34,6
16:42:35,6
16:42:35,6
16:42:35,6
16:42:36,6
16:42:36,6
16:42:36,6
16:42:37,6
16:42:37,6
16:42:37,6
16:42:38,6
16:42:38,6
16:42:38,6
16:42:38,6
16:42:39,6
16:42:39,6
16:42:39,6
16:42:40,6
16:42:40,6
16:42:40,6
16:42:41,6
16:42:41,6
16:42:41,6
16:42:42,6
16:42:42,6
16:42:42,6
16:42:43,6
16:42:43,6
16:42:43,6
16:42:44,6
16:42:44,6
16:42:44,6
16:42:44,6
16:42:45,6
16:42:45,6
16:42:45,7
16:42:46,6
16:42:46,6
16:42:46,6
16:42:47,6
16:42:47,6
16:42:47,6
16:42:47,6
16:42:48,6
16:42:48,7
16:42:48,7
16:42:49,7
16:42:49,7
16:42:49,7
16:42:49,7
16:42:50,7
16:42:50,6
16:42:50,6
16:42:51,6
16:42:51,7
16:42:51,7
16:42:51,7
16:42:52,7
16:42:52,7
16:42:52,7
16:42:52,7
16:42:53,7
16:42:53,7
16:42:53,7
16:42:54,7
16:42:54,7
16:42:54,7
16:42:54,7
16:42:55,7
16:42:55,7
16:42:55,6
16:42:55,6
16:42:56,6
16:42:56,6
16:42:56,6
16:42:56,6
16:42:57,6
16:42:57,6
16:42:57,6
16:42:57,6
16:42:58,6
16:42:58,7
16:42:58,7
16:42:58,7
16:42:59,8
16:42:59,8
16:42:59,8
16:43:00,8
16:43:00,8
16:43:00,8
16:43:01,8
16:43:01,9
16:43:01,9
16:43:02,9
16:43:02,9
16:43:02,9
16:43:02,9
16:43:03,9
16:43:03,9
16:43:03,9
16:43:03,9
16:43:04,9
16:43:04,9
16:43:04,8
16:43:04,7
16:43:05,7
16:43:05,7
16:43:05,7
16:43:05,6
16:43:05,6
16:43:06,6
16:43:06,6
16:43:06,6
16:43:06,6
16:43:07,6
16:43:07,6
16:43:07,7
16:43:07,7
16:43:08,7
16:43:08,7
16:43:08,6
16:43:09,6
16:43:09,7
16:43:09,7
16:43:09,7
16:43:10,7
16:43:10,7
16:43:10,7
16:43:10,7
16:43:11,7
16:43:11,7
16:43:11,7
16:43:12,7
16:43:12,6
16:43:12,6
16:43:12,6
16:43:13,6
16:43:13,6
16:43:13,6
16:43:14,6
16:43:14,7
16:43:14,7
16:43:14,7
16:43:15,7
16:43:15,7
16:43:15,7
16:43:16,7
16:43:16,7
16:43:16,7
16:43:17,7
16:43:17,7
16:43:17,7
16:43:18,7
16:43:18,7
16:43:18,7
16:43:18,7
16:43:19,7
16:43:19,7
16:43:19,7
16:43:20,7
16:43:20,7
16:43:20,7
16:43:20,7
16:43:21,7
16:43:21,7
16:43:21,7
16:43:22,7
16:43:22,7
16:43:22,7
16:43:22,7
16:43:23,7
16:43:23,7
16:43:23,7
16:43:24,7
16:43:24,7
16:43:24,7
16:43:25,7
16:43:25,7
16:43:25,7
16:43:25,6
16:43:26,6
16:43:26,6
16:43:27,6
16:43:27,6
16:43:27,6
16:43:28,6
16:43:28,6
16:43:28,6
16:43:29,6
16:43:29,6
16:43:30,6
16:43:30,6
16:43:30,6
16:43:31,6
16:43:31,6
16:43:31,6
16:43:32,6
16:43:32,7
16:43:32,7
16:43:33,7
16:43:33,7
16:43:33,7
16:43:33,7
16:43:34,7
16:43:34,7
16:43:34,7
16:43:35,7
16:43:35,6
16:43:35,6
16:43:35,6
16:43:36,6
16:43:36,6
16:43:36,6
16:43:37,6
16:43:37,6
16:43:38,6
16:43:38,6
16:43:38,6
16:43:39,7
16:43:39,7
16:43:39,7
16:43:40,6
16:43:40,6
16:43:40,6
16:43:41,6
16:43:41,6
16:43:41,6
16:43:42,6
16:43:42,6
16:43:42,6
16:43:43,6
16:43:43,6
16:43:43,6
16:43:43,6
16:43:44,6
16:43:44,6
16:43:44,6
16:43:45,5
16:43:45,5
16:43:45,5
16:43:46,5
16:43:46,5
16:43:46,6
16:43:47,7
16:43:47,7
16:43:47,7
16:43:47,7
16:43:48,6
16:43:48,6
16:43:48,6
16:43:49,6
16:43:49,6
16:43:49,5
16:43:49,5
16:43:50,5
16:43:50,4
16:43:50,3
16:43:50,3
16:43:51,3
16:43:51,3
16:43:51,4
16:43:52,5
16:43:52,5
16:43:52,5
16:43:52,5
16:43:53,5
16:43:53,5
16:43:53,5
16:43:54,5
16:43:54,5
16:43:54,6
16:43:55,6
16:43:55,6
16:43:55,6
16:43:55,6
16:43:56,6
16:43:56,6
16:43:56,6
16:43:57,7
16:43:57,7
16:43:57,8
16:43:58,8
16:43:58,8
16:43:58,8
16:43:59,8
16:43:59,8
16:43:59,8
16:44:00,8
16:44:00,8
16:44:00,8
16:44:01,8
16:44:01,8
16:44:01,8
16:44:01,8
16:44:02,8
16:44:02,8
16:44:02,8
16:44:03,8
16:44:03,8
16:44:03,8
16:44:04,8
16:44:04,8
16:44:04,8
16:44:05,8
16:44:05,8
16:44:05,8
16:44:06,8
16:44:06,8
16:44:06,8
16:44:07,8
16:44:07,8
16:44:07,8
16:44:08,8
16:44:08,8
16:44:08,8
16:44:09,8
16:44:09,8
16:44:09,8
16:44:09,8
16:44:10,8
16:44:10,8
16:44:10,8
16:44:11,8
16:44:11,9
16:44:11,9
16:44:11,10
16:44:12,10
16:44:12,10
16:44:12,10
16:44:13,10
16:44:13,10
16:44:13,10
16:44:13,10
16:44:14,10
16:44:14,10
16:44:14,10
16:44:15,10
16:44:15,10
16:44:15,11
16:44:16,11
16:44:16,11
16:44:16,11
16:44:16,11
16:44:17,11
16:44:17,11
16:44:17,11
16:44:17,10
16:44:18,10
16:44:18,10
16:44:18,10
16:44:19,10
16:44:19,10
16:44:19,10
16:44:19,10
16:44:19,10
16:44:20,10
16:44:20,10
16:44:20,10
16:44:20,10
16:44:21,9
16:44:21,9
16:44:21,8
16:44:21,8
16:44:22,9
16:44:22,9
16:44:22,9
16:44:23,9
16:44:23,9
16:44:23,9
16:44:23,8
16:44:24,8
16:44:24,8
16:44:24,8
16:44:25,8
16:44:25,8
16:44:25,8
16:44:26,8
16:44:26,8
16:44:26,8
16:44:26,8
16:44:27,8
16:44:27,9
16:44:28,9
16:44:28,10
16:44:28,11
16:44:28,11
16:44:29,11
16:44:29,11
16:44:29,11
16:44:30,11
16:44:30,11
16:44:30,11
16:44:30,12
16:44:31,12
16:44:31,12
16:44:31,12
16:44:32,12
16:44:32,12
16:44:32,12
16:44:33,12
16:44:33,12
16:44:33,12
16:44:34,12
16:44:34,12
16:44:34,12
16:44:35,12
16:44:35,12
16:44:35,12
16:44:36,12
16:44:36,12
16:44:36,12
16:44:37,12
16:44:37,12
16:44:37,12
16:44:38,12
16:44:38,12
16:44:38,12
16:44:39,12
16:44:39,12
16:44:39,12
16:44:40,12
16:44:40,12
16:44:41,12
16:44:41,12
16:44:41,12
16:44:42,12
16:44:42,12
16:44:42,11
16:44:43,11
16:44:43,11
16:44:43,11
16:44:44,11
16:44:44,11
16:44:44,11
16:44:45,11
16:44:45,11
16:44:45,11
16:44:46,11
16:44:46,11
16:44:47,11
16:44:47,11
16:44:47,11
16:44:48,11
16:44:48,11
16:44:48,11
16:44:49,11
16:44:49,11
16:44:49,11
16:44:50,11
16:44:50,11
16:44:50,10
16:44:51,9
16:44:51,8
16:44:51,8
16:44:52,8
16:44:52,8
16:44:52,8
16:44:53,8
16:44:53,8
16:44:53,8
16:44:54,8
16:44:54,8
16:44:54,8
16:44:55,8
16:44:55,8
16:44:55,8
16:44:56,8
16:44:56,8
16:44:56,8
16:44:57,8
16:44:57,8
16:44:57,8
16:44:58,8
16:44:58,8
16:44:58,8
16:44:59,8
16:44:59,8
16:44:59,8
16:45:00,8
16:45:00,8
16:45:00,8
16:45:01,8
16:45:01,8
16:45:02,8
16:45:02,8
16:45:02,8
16:45:03,7
16:45:03,7
16:45:03,7
16:45:03,7
16:45:04,7
16:45:04,7
16:45:04,7
16:45:05,7
16:45:05,7
16:45:05,7
16:45:06,7
16:45:06,7
16:45:06,7
16:45:07,7
16:45:07,7
16:45:07,7
16:45:08,7
16:45:08,7
16:45:08,8
16:45:08,8
16:45:09,8
16:45:09,9
16:45:09,9
16:45:10,9
16:45:10,9
16:45:10,9
16:45:10,9
16:45:11,9
16:45:11,9
16:45:11,8
16:45:11,7
16:45:12,7
16:45:12,6
16:45:12,7
16:45:12,6
16:45:13,6
16:45:13,6
16:45:13,6
16:45:13,6
16:45:14,6
16:45:14,6
16:45:14,5
16:45:15,5
16:45:15,5
16:45:15,5
16:45:15,6
16:45:16,6
16:45:16,6
16:45:16,6
16:45:17,6
16:45:17,7
16:45:17,7
16:45:18,7
16:45:18,7
16:45:18,7
16:45:19,7
16:45:19,8
16:45:19,8
16:45:20,8
16:45:20,8
16:45:20,8
16:45:21,8
16:45:21,8
16:45:21,8
16:45:22,8
16:45:22,8
16:45:22,8
16:45:22,8
16:45:23,8
16:45:23,8
16:45:24,8
16:45:24,8
16:45:24,9
16:45:25,9
16:45:25,9
16:45:25,9
16:45:26,9
16:45:26,9
16:45:26,9
16:45:27,9
16:45:27,9
16:45:28,9
16:45:28,9
16:45:28,9
16:45:28,9
16:45:29,9
16:45:29,9
16:45:30,9
16:45:30,9
16:45:30,9
16:45:30,9
16:45:31,9
16:45:31,9
16:45:31,9
16:45:32,9
16:45:32,9
16:45:32,9
16:45:33,9
16:45:33,9
16:45:33,9
16:45:34,9
16:45:34,9
16:45:35,9
16:45:35,9
16:45:35,9
16:45:36,8
16:45:36,9
16:45:36,9
16:45:37,10
16:56:52,0
16:56:52,0
16:56:52,4
16:56:52,4
16:56:52,4
16:56:53,4
16:56:53,4
16:56:53,4
16:56:53,5
16:56:53,5
16:56:53,5
16:56:54,5
16:56:54,5
16:56:54,5
16:56:54,5
16:56:55,5
16:56:55,5
16:56:55,5
16:56:55,5
16:56:55,5
16:56:56,5
16:56:56,5
16:56:56,5
16:56:56,5
16:56:57,5
16:56:57,5
16:56:57,6
16:56:58,6
16:56:58,6
16:56:58,7
16:56:58,7
16:56:59,7
16:56:59,7
16:56:59,7
16:57:00,7
16:57:00,7
16:57:00,7
16:57:00,7
16:57:01,7
16:57:01,7
16:57:01,7
16:57:01,7
16:57:02,7
16:57:02,7
16:57:02,7
16:57:02,7
16:57:03,7
16:57:03,7
16:57:03,7
16:57:04,7
16:57:04,7
16:57:04,7
16:57:04,7
16:57:04,7
16:57:05,7
16:57:05,7
16:57:05,7
16:57:05,7
16:57:06,7
16:57:06,7
16:57:06,7
16:57:07,7
16:57:07,7
16:57:07,7
16:57:07,7
16:57:08,7
16:57:08,7
16:57:08,6
16:57:08,6
16:57:09,6
16:57:09,6
16:57:09,5
16:57:09,5
16:57:10,5
16:57:10,5
16:57:10,5
16:57:11,5
16:57:11,5
16:57:11,5
16:57:11,5
16:57:11,5
16:57:12,5
16:57:12,5
16:57:12,5
16:57:13,5
16:57:13,5
16:57:13,5
16:57:13,5
16:57:14,5
16:57:14,5
16:57:14,5
16:57:14,5
16:57:15,5
16:57:15,5
16:57:15,5
16:57:16,5
16:57:16,5
16:57:16,5
16:57:16,5
16:57:17,5
16:57:17,5
16:57:17,5
16:57:18,5
16:57:18,5
16:57:18,5
16:57:18,5
16:57:19,5
16:57:19,5
16:57:19,5
16:57:20,5
16:57:20,5
16:57:20,5
16:57:21,5
16:57:21,5
16:57:21,5
16:57:21,5
16:57:22,5
16:57:22,5
16:57:22,4
16:57:23,4
16:57:23,4
16:57:23,4
16:57:24,4
16:57:24,4
16:57:24,4
16:57:24,4
16:57:25,4
16:57:25,4
16:57:25,4
16:57:25,5
16:57:26,5
16:57:26,5
16:57:27,5
16:57:27,5
16:57:27,5
16:57:27,5
16:57:28,5
16:57:28,5
16:57:28,5
16:57:29,5
16:57:29,5
16:57:29,5
16:57:29,5
16:57:30,5
16:57:30,5
16:57:30,5
16:57:31,5
16:57:31,5
16:57:31,5
16:57:32,5
16:57:32,4
16:57:32,4
16:57:32,4
16:57:33,4
16:57:33,4
16:57:33,4
16:57:34,4
16:57:34,4
16:57:34,4
16:57:34,4
16:57:35,4
16:57:35,4
16:57:35,4
16:57:36,4
16:57:36,4
16:57:36,4
16:57:36,4
16:57:36,4
16:57:37,4
16:57:37,4
16:57:37,4
16:57:38,4
16:57:38,4
16:57:38,4
16:57:38,4
16:57:39,4
16:57:39,4
16:57:39,4
16:57:39,4
16:57:40,5
16:57:40,5
16:57:40,7
16:57:41,7
16:57:41,7
16:57:41,7
16:57:42,7
16:57:42,7
16:57:42,7
16:57:43,6
16:57:43,6
16:57:43,6
16:57:44,6
16:57:44,6
16:57:44,6
16:57:45,6
16:57:45,5
16:57:45,5
16:57:46,5
16:57:46,5
16:57:46,5
16:57:47,5
16:57:47,6
16:57:47,6
16:57:48,6
16:57:48,6
16:57:48,6
16:57:48,6
16:57:49,6
16:57:49,6
16:57:49,6
16:57:50,6
16:57:50,6
16:57:50,6
16:57:50,6
16:57:51,6
16:57:51,5
16:57:51,5
16:57:52,5
16:57:52,5
16:57:52,5
16:57:53,5
16:57:53,5
16:57:53,5
16:57:54,5
16:57:54,5
16:57:54,5
16:57:54,5
16:57:55,5
16:57:55,5
16:57:55,5
16:57:56,5
16:57:56,5
16:57:56,5
16:57:57,5
16:57:57,5
16:57:57,5
16:57:57,5
16:57:58,5
16:57:58,5
16:57:58,5
16:57:58,4
16:57:59,4
16:57:59,4
16:57:59,4
16:57:59,4
16:58:00,4
16:58:00,4
16:58:00,4
16:58:01,4
16:58:01,4
16:58:01,4
16:58:01,4
16:58:02,4
16:58:02,4
16:58:02,4
16:58:02,4
16:58:03,5
16:58:03,5
16:58:03,5
16:58:03,5
16:58:04,5
16:58:04,5
16:58:04,5
16:58:04,5
16:58:05,5
16:58:05,5
16:58:05,5
16:58:05,4
16:58:05,4
16:58:06,3
16:58:06,3
16:58:06,3
16:58:06,3
16:58:07,3
16:58:07,4
16:58:07,4
16:58:08,4
16:58:08,4
16:58:08,4
16:58:08,4
16:58:08,4
16:58:09,4
16:58:09,4
16:58:09,4
16:58:10,4
16:58:10,5
16:58:10,5
16:58:10,5
16:58:10,5
16:58:11,5
16:58:11,5
16:58:11,5
16:58:11,5
16:58:12,5
16:58:12,5
16:58:12,5
16:58:13,5
16:58:13,5
16:58:13,5
16:58:14,5
16:58:14,5
16:58:14,5
16:58:14,5
16:58:15,5
16:58:15,5
16:58:15,5
16:58:15,5
16:58:16,6
16:58:16,6
16:58:16,6
16:58:17,6
16:58:17,5
16:58:17,5
16:58:18,5
16:58:18,5
16:58:18,6
16:58:18,6
16:58:19,6
16:58:19,6
16:58:19,6
16:58:20,6
16:58:20,6
16:58:20,6
16:58:20,6
16:58:21,6
16:58:21,6
16:58:21,5
16:58:22,5
16:58:22,5
16:58:22,5
16:58:23,5
16:58:23,5
16:58:23,5
16:58:24,5
16:58:24,5
16:58:24,5
16:58:24,5
16:58:25,5
16:58:25,5
16:58:25,5
16:58:26,5
16:58:26,5
16:58:26,5
16:58:26,6
16:58:27,6
16:58:27,6
16:58:27,6
16:58:28,6
16:58:28,6
16:58:28,6
16:58:28,6
16:58:29,7
16:58:29,7
16:58:29,7
16:58:30,7
16:58:30,7
16:58:30,7
16:58:30,7
16:58:31,7
16:58:31,7
16:58:31,7
16:58:32,7
16:58:32,7
16:58:32,7
16:58:33,7
16:58:33,7
16:58:33,7
16:58:33,6
16:58:34,6
16:58:34,6
16:58:34,6
16:58:35,6
16:58:35,6
16:58:35,6
16:58:35,6
16:58:36,6
16:58:36,6
16:58:36,6
16:58:37,6
16:58:37,6
16:58:37,6
16:58:38,5
16:58:38,5
16:58:38,5
16:58:38,5
16:58:39,5
16:58:39,5
16:58:39,5
16:58:40,5
16:58:40,5
16:58:40,5
16:58:41,5
16:58:41,5
16:58:42,5
16:58:42,5
16:58:42,5
16:58:43,5
16:58:43,5
16:58:43,5
16:58:44,5
16:58:44,5
16:58:45,5
16:58:45,5
16:58:45,5
16:58:46,5
16:58:46,5
16:58:46,5
16:58:46,5
16:58:47,5
16:58:47,5
16:58:47,5
16:58:48,5
16:58:48,5
16:58:48,5
16:58:49,5
16:58:49,5
16:58:49,5
16:58:49,5
16:58:50,5
16:58:50,5
16:58:50,5
16:58:51,5
16:58:51,5
16:58:51,5
16:58:52,5
16:58:52,5
16:58:52,5
16:58:53,5
16:58:53,5
16:58:53,5
16:58:53,5
16:58:54,5
16:58:54,5
16:58:54,5
16:58:55,5
16:58:55,5
16:58:55,5
16:58:56,5
16:58:56,4
16:58:56,4
16:58:57,4
16:58:57,4
16:58:58,5
16:58:58,5
16:58:58,5
16:58:59,5
16:58:59,5
16:59:00,5
16:59:00,5
16:59:00,5
16:59:01,5
16:59:01,5
16:59:01,5
16:59:02,5
16:59:02,5
16:59:02,5
16:59:03,5
16:59:03,5
16:59:03,5
16:59:04,5
16:59:04,5
16:59:04,5
16:59:05,5
16:59:05,5
16:59:05,5
16:59:05,5
16:59:06,5
16:59:06,5
16:59:06,5
16:59:07,5
16:59:07,5
16:59:07,5
16:59:08,6
16:59:08,6
16:59:08,6
16:59:09,6
16:59:09,5
16:59:09,6
16:59:09,6
16:59:10,6
16:59:10,6
16:59:10,6
16:59:11,6
16:59:11,6
16:59:11,6
16:59:11,6
16:59:12,6
16:59:12,6
16:59:12,6
16:59:13,6
16:59:13,6
16:59:13,6
16:59:13,6
16:59:14,6
16:59:14,6
16:59:14,6
16:59:15,6
16:59:15,6
16:59:15,6
16:59:15,6
16:59:16,6
16:59:16,6
16:59:16,6
16:59:17,6
16:59:17,6
16:59:17,6
16:59:18,6
16:59:18,6
16:59:18,6
16:59:18,6
16:59:19,6
16:59:19,6
16:59:19,7
16:59:20,6
16:59:20,6
16:59:20,6
16:59:20,6
16:59:21,6
16:59:21,6
16:59:21,6
16:59:22,6
16:59:22,7
16:59:22,7
16:59:22,7
16:59:23,7
16:59:23,7
16:59:23,7
16:59:24,7
16:59:24,6
16:59:24,6
16:59:25,6
16:59:25,7
16:59:25,7
16:59:26,7
16:59:26,7
16:59:26,7
16:59:26,7
16:59:27,7
16:59:27,7
16:59:27,7
16:59:27,7
16:59:28,7
16:59:28,7
16:59:28,7
16:59:28,7
16:59:29,7
16:59:29,7
16:59:29,6
16:59:30,6
16:59:30,6
16:59:30,6
16:59:31,6
16:59:31,6
16:59:31,6
16:59:31,6
16:59:32,6
16:59:32,6
16:59:32,6
16:59:32,7
16:59:33,7
16:59:33,7
16:59:34,8
16:59:34,8
16:59:34,8
16:59:35,8
16:59:35,8
16:59:35,8
16:59:36,8
16:59:36,9
16:59:36,9
16:59:37,9
16:59:37,9
16:59:37,9
16:59:38,9
16:59:38,9
16:59:38,9
16:59:38,9
16:59:39,9
16:59:39,9
16:59:39,9
16:59:39,8
16:59:40,7
16:59:40,7
16:59:40,7
16:59:41,7
16:59:41,6
16:59:41,6
16:59:41,6
16:59:41,6
16:59:42,6
16:59:42,6
16:59:42,6
16:59:42,6
16:59:43,7
16:59:43,7
16:59:43,7
16:59:44,7
16:59:44,6
16:59:44,6
16:59:45,7
16:59:45,7
16:59:45,7
16:59:46,7
16:59:46,7
16:59:46,7
16:59:47,7
16:59:47,7
16:59:47,7
16:59:48,7
16:59:48,7
16:59:48,6
16:59:49,6
16:59:49,6
16:59:49,6
16:59:50,6
16:59:50,6
16:59:50,6
16:59:51,7
16:59:51,7
16:59:51,7
16:59:52,7
16:59:52,7
16:59:52,7
16:59:53,7
16:59:53,7
16:59:53,7
16:59:54,7
16:59:54,7
16:59:54,7
16:59:55,7
16:59:55,7
16:59:55,7
16:59:56,7
16:59:56,7
16:59:56,7
16:59:57,7
16:59:57,7
16:59:57,7
16:59:58,7
16:59:58,7
16:59:58,7
16:59:59,7
16:59:59,7
16:59:59,7
17:00:00,7
17:00:00,7
17:00:01,7
17:00:01,7
17:00:01,7
17:00:01,7
17:00:02,7
17:00:02,7
17:00:02,7
17:00:03,7
17:00:03,7
17:00:03,7
17:00:04,6
17:00:04,6
17:00:04,6
17:00:05,6
17:00:05,6
17:00:05,6
17:00:06,6
17:00:06,6
17:00:07,6
17:00:07,6
17:00:08,6
17:00:08,6
17:00:08,6
17:00:09,6
17:00:09,6
17:00:09,6
17:00:10,6
17:00:10,6
17:00:10,7
17:00:11,7
17:00:11,7
17:00:11,7
17:00:12,7
17:00:12,7
17:00:12,7
17:00:13,7
17:00:13,7
17:00:13,7
17:00:14,6
17:00:14,6
17:00:14,6
17:00:15,6
17:00:15,6
17:00:15,6
17:00:16,6
17:00:16,6
17:00:16,6
17:00:17,6
17:00:17,6
17:00:18,7
17:00:18,7
17:00:18,7
17:00:19,6
17:00:19,6
17:00:19,6
17:00:20,6
17:00:20,6
17:00:20,6
17:00:21,6
17:00:21,6
17:00:22,6
17:00:22,6
17:00:22,6
17:00:22,6
17:00:23,6
17:00:23,6
17:00:24,6
17:00:24,6
17:00:24,5
17:00:24,5
17:00:25,5
17:00:25,5
17:00:25,5
17:00:26,6
17:00:26,7
17:00:26,7
17:00:26,7
17:00:27,7
17:00:27,6
17:00:27,6
17:00:27,6
17:00:28,6
17:00:28,6
17:00:28,5
17:00:29,5
17:00:29,5
17:00:29,4
17:00:29,3
17:00:30,3
17:00:30,3
17:00:30,3
17:00:31,4
17:00:31,5
17:00:31,5
17:00:31,5
17:00:32,5
17:00:32,5
17:00:32,5
17:00:33,5
17:00:33,5
17:00:33,5
17:00:34,6
17:00:34,6
17:00:34,6
17:00:35,6
17:00:35,6
17:00:35,6
17:00:35,6
17:00:36,6
17:00:36,7
17:00:36,7
17:00:37,8
17:00:37,8
17:00:37,8
17:00:38,8
17:00:38,8
17:00:38,8
17:00:39,8
17:00:39,8
17:00:39,8
17:00:40,8
17:00:40,8
17:00:40,8
17:00:41,8
17:00:41,8
17:00:41,8
17:00:41,8
17:00:42,8
17:00:42,8
17:00:42,8
17:00:43,8
17:00:43,8
17:00:43,8
17:00:44,8
17:00:44,8
17:00:45,8
17:00:45,8
17:00:45,8
17:00:46,8
17:00:46,8
17:00:46,8
17:00:47,8
17:00:47,8
17:00:47,8
17:00:48,8
17:00:48,8
17:00:49,8
17:00:49,8
17:00:49,8
17:00:49,8
17:00:50,8
17:00:50,8
17:00:50,8
17:00:51,8
17:00:51,9
17:00:51,9
17:00:51,10
17:00:52,10
17:00:52,10
17:00:53,10
17:00:53,10
17:00:53,10
17:00:54,10
17:00:54,10
17:00:54,10
17:00:54,10
17:00:55,10
17:00:55,10
17:00:56,10
17:00:56,11
17:00:56,11
17:00:57,11
17:00:57,11
17:00:57,11
17:00:57,11
17:00:58,11
17:00:58,11
17:00:58,10
17:00:59,10
17:00:59,10
17:00:59,10
17:00:59,10
17:01:00,10
17:01:00,10
17:01:00,10
17:01:00,10
17:01:01,10
17:01:01,10
17:01:01,10
17:01:01,10
17:01:01,9
17:01:02,9
17:01:02,8
17:01:02,8
17:01:03,9
17:01:03,9
17:01:03,9
17:01:04,9
17:01:04,9
17:01:04,9
17:01:04,8
17:01:05,8
17:01:05,8
17:01:05,8
17:01:06,8
17:01:06,8
17:01:06,8
17:01:07,8
17:01:07,8
17:01:07,8
17:01:08,8
17:01:08,8
17:01:08,9
17:01:08,9
17:01:09,10
17:01:09,11
17:01:09,11
17:01:10,11
17:01:10,11
17:01:10,11
17:01:11,11
17:01:11,11
17:01:11,11
17:01:12,12
17:01:12,12
17:01:12,12
17:01:12,12
17:01:13,12
17:01:13,12
17:01:14,12
17:01:14,12
17:01:14,12
17:01:15,12
17:01:15,12
17:01:15,12
17:01:16,12
17:01:16,12
17:01:17,12
17:01:17,12
17:01:17,12
17:01:18,12
17:01:18,12
17:01:19,12
17:01:19,12
17:01:19,12
17:01:20,12
17:01:20,12
17:01:20,12
17:01:21,12
17:01:21,12
17:01:22,12
17:01:22,12
17:01:22,12
17:01:23,12
17:01:23,12
17:01:24,12
17:01:24,12
17:01:24,12
17:01:25,11
17:01:25,11
17:01:25,11
17:01:26,11
17:01:26,11
17:01:26,11
17:01:27,11
17:01:27,11
17:01:28,11
17:01:28,11
17:01:28,11
17:01:29,11
17:01:29,11
17:01:30,11
17:01:30,11
17:01:30,11
17:01:31,11
17:01:31,11
17:01:32,11
17:01:32,11
17:01:32,11
17:01:33,11
17:01:33,11
17:01:33,10
17:01:34,9
17:01:34,8
17:01:35,8
17:01:35,8
17:01:35,8
17:01:36,8
17:01:36,8
17:01:37,8
17:01:37,8
17:01:37,8
17:01:38,8
17:01:38,8
17:01:38,8
17:01:39,8
17:01:39,8
17:01:39,8
17:01:40,8
17:01:40,8
17:01:40,8
17:01:41,8
17:01:41,8
17:01:42,8
17:01:42,8
17:01:42,8
17:01:43,8
17:01:43,8
17:01:43,8
17:01:44,8
17:01:44,8
17:01:44,8
17:01:45,8
17:01:45,8
17:01:46,8
17:01:46,8
17:01:47,8
17:01:47,7
17:01:47,7
17:01:48,7
17:01:48,7
17:01:48,7
17:01:49,7
17:01:49,7
17:01:49,7
17:01:50,7
17:01:50,7
17:01:50,7
17:01:51,7
17:01:51,7
17:01:51,7
17:01:52,7
17:01:52,7
17:01:52,7
17:01:52,7
17:01:53,8
17:01:53,8
17:01:53,8
17:01:54,9
17:01:54,9
17:01:54,9
17:01:55,9
17:01:55,9
17:01:55,9
17:01:55,9
17:01:56,9
17:01:56,8
17:01:56,7
17:01:56,7
17:01:57,6
17:01:57,7
17:01:57,6
17:01:58,6
17:01:58,6
17:01:58,6
17:01:59,6
17:01:59,6
17:01:59,6
17:01:59,5
17:02:00,5
17:02:00,5
17:02:00,5
17:02:01,6
17:02:01,6
17:02:01,6
17:02:02,6
17:02:02,6
17:02:02,7
17:02:03,7
17:02:03,7
17:02:03,7
17:02:04,7
17:02:04,7
17:02:04,8
17:02:05,8
17:02:05,8
17:02:05,8
17:02:06,8
17:02:07,8
17:02:08,8
17:02:08,8
17:02:09,8
17:02:09,8
17:02:09,8
17:02:10,8
17:02:10,8
17:02:11,8
17:02:11,8
17:02:11,8
17:02:12,9
17:02:13,9
17:02:14,9
17:02:14,9
17:02:14,9
17:02:15,9
17:02:15,9
17:02:16,9
17:02:16,9
17:02:16,9
17:02:17,9
17:02:17,9
17:02:18,9
17:02:18,9
17:02:18,9
17:02:19,9
17:02:19,9
17:02:19,9
17:02:20,9
17:02:20,9
17:02:20,9
17:02:21,9
17:02:21,9
17:02:21,9
17:02:22,9
17:02:22,9
17:02:22,9
17:02:23,9
17:02:23,9
17:02:23,9
17:02:24,9
17:02:24,9
17:02:24,9
17:02:25,8
17:02:25,9
17:02:25,9
17:02:26,10
